company_short,end_date,sample,abstention,undecided,alain_juppe,arnaud_montebourg,benoît_hamon,bruno_le_maire,cécile_duflot,emmanuel_macron,françois_asselineau,françois_bayrou,françois_fillon,françois_hollande,jacques_cheminade,jean_lassalle,jean-luc_mélenchon,manuel_valls,marine_le_pen,nathalie_arthaud,nicolas_dupont-aignan,nicolas_hulot,nicolas_sarkozy,philippe_poutou,sylvia_pinel,vincent_peillon,yannick_jadot,others,company_long
Odoxa,2017-04-21,953,,,,,0.075,,,0.245,0.01,,0.19,,0,0.005,0.19,,0.23,0,0.045,,,0.01,,,,,Odoxa
BVA,2017-04-21,1494,0.22,0.29,,,0.08,,,0.23,0.005,,0.19,,0.005,0.01,0.195,,0.23,0.005,0.04,,,0.015,,,,,BVA
Ifop,2017-04-21,2823,0.27,0.26,,,0.07,,,0.245,0.01,,0.195,,0,0.01,0.185,,0.225,0.005,0.04,,,0.015,,,,,Ifop-Fiducial
Opinion Way,2017-04-21,1500,0.23,0.3,,,0.08,,,0.23,0.01,,0.21,,0,0.01,0.18,,0.22,0,0.04,,,0.02,,,,,OpinionWay
Ipsos,2017-04-20,1401,0.27,0.31,,,0.075,,,0.24,0.01,,0.19,,0.005,0.015,0.19,,0.22,0.005,0.04,,,0.015,,,,,Ipsos Sopra Steria
Elabe,2017-04-20,1197,,,,,0.07,,,0.24,0.01,,0.2,,0.005,0.01,0.195,,0.215,0.005,0.04,,,0.015,,,,,Elabe
Harris Interactive,2017-04-19,2812,,,,,0.075,,,0.25,0.005,,0.19,,0.005,0.01,0.19,,0.22,0.005,0.04,,,0.015,,,,,Harris Interactive
BVA,2017-04-19,1427,0.2,0.29,,,0.085,,,0.24,0.005,,0.19,,0.005,0.005,0.19,,0.23,0.005,0.035,,,0.015,,,,,BVA
Ipsos,2017-04-17,8274,0.28,0.28,,,0.08,,,0.23,0.01,,0.195,,0.005,0.01,0.19,,0.225,0.005,0.04,,,0.015,,,,,Cevipof Ipsos Sopra Steria
Elabe,2017-04-17,1170,,0.32,,,0.08,,,0.24,0.005,,0.195,,0.005,0.005,0.18,,0.23,0.005,0.04,,,0.02,,,,,Elabe
Kantar,2017-04-17,1530,0.22,,,,0.08,,,0.24,0.01,,0.185,,0.005,0.01,0.18,,0.23,0.005,0.04,,,0.02,,,,,Kantar Sofres - OnePoint
Ifop,2017-04-15,1851,,,,,0.08,,,0.23,0.01,,0.19,,0,0.01,0.195,,0.22,0.005,0.04,,,0.02,,,,,Ifop-Fiducial
Scan Research / Le Terrain,2017-04-15,642,,,,,0.08,,,0.24,0.005,,0.175,,0,0.005,0.22,,0.215,0.01,0.035,,,0.015,,,,,Scan Research - Le Terrain
BVA,2017-04-14,1439,0.23,0.34,,,0.075,,,0.23,0.01,,0.2,,0.005,0.01,0.2,,0.22,0.01,0.03,,,0.015,,,,,BVA
Ifop,2017-04-14,2776,0.31,0.28,,,0.08,,,0.225,0.01,,0.19,,0,0.01,0.19,,0.23,0.005,0.04,,,0.02,,,,,Ifop-Fiducial
Odoxa,2017-04-13,1001,0.25,,,,0.08,,,0.245,0.005,,0.185,,0,0.015,0.19,,0.23,0,0.035,,,0.015,,,,,Odoxa
Ipsos,2017-04-13,1509,0.34,0.34,,,0.075,,,0.22,0.015,,0.19,,0.005,0.015,0.2,,0.22,0.005,0.035,,,0.02,,,,,« Ipsos »(Archive • Wikiwix • Archive.is • Google • Que faire ?)
Harris Interactive,2017-04-13,1002,,,,,0.08,,,0.24,0.01,,0.2,,0.005,0.01,0.19,,0.22,0.005,0.04,,,0.01,,,,,Harris Interactive
Opinion Way,2017-04-13,1500,0.23,0.38,,,0.09,,,0.22,0.02,,0.2,,0,0.02,0.17,,0.23,0,0.03,,,0.02,,,,,OpinionWay
Elabe,2017-04-12,776,,0.3,,,0.09,,,0.235,0.005,,0.2,,0.005,0.005,0.185,,0.225,0.005,0.03,,,0.02,,,,,Elabe
Ifop,2017-04-11,2806,0.32,0.29,,,0.085,,,0.23,0.005,,0.19,,0,0.01,0.185,,0.24,0.005,0.035,,,0.015,,,,,Ifop-Fiducial
Elabe,2017-04-10,807,0.37,,,,0.1,,,0.23,0.005,,0.19,,0.005,0.005,0.17,,0.23,0.005,0.04,,,0.025,,,,,Elabe
Ipsos,2017-04-09,1604,0.34,0.4,,,0.08,,,0.24,0.01,,0.18,,0.005,0.005,0.185,,0.24,0.01,0.035,,,0.015,,,,,Ipsos
Kantar,2017-04-07,1515,,,,,0.09,,,0.24,0.01,,0.17,,0.005,0.005,0.18,,0.24,0.005,0.035,,,0.025,,,,,Kantar Sofres - OnePoint
BVA,2017-04-07,1421,0.29,0.38,,,0.085,,,0.23,0.005,,0.19,,0.005,0.01,0.19,,0.23,0.01,0.035,,,0.015,,,,,BVA
Harris Interactive,2017-04-06,1014,,,,,0.09,,,0.24,0.01,,0.19,,0.005,0.01,0.18,,0.23,0.01,0.03,,,0.01,,,,,Harris Interactive
Ifop,2017-04-06,2243,0.35,0.31,,,0.095,,,0.24,0,,0.185,,0,0.01,0.165,,0.245,0.005,0.045,,,0.01,,,,,Ifop-Fiducial
Opinion Way,2017-04-06,1500,,,,,0.1,,,0.24,0,,0.2,,0,0,0.16,,0.25,0,0.03,,,0.02,,,,,OpinionWay
Odoxa,2017-04-05,1001,0.17,,,,0.09,,,0.235,0.01,,0.185,,0,0.005,0.18,,0.23,0.005,0.04,,,0.02,,,,,Odoxa
Elabe,2017-04-05,995,0.36,,,,0.09,,,0.235,0.005,,0.19,,0.005,0.01,0.17,,0.235,0.01,0.045,,,0.015,,,,,Elabe
Harris Interactive,2017-04-05,6274,,,,,0.09,,,0.25,0.01,,0.18,,0.005,0.01,0.17,,0.24,0.01,0.03,,,0.01,,,,,Harris Interactive
Ifop,2017-04-03,2232,0.34,0.3,,,0.1,,,0.26,0.005,,0.17,,0,0.01,0.15,,0.255,0.005,0.04,,,0.005,,,,,Ifop-Fiducial
Ipsos,2017-04-02,9460,0.33,,,,0.1,,,0.25,0.005,,0.175,,0.005,0.01,0.15,,0.25,0.01,0.04,,,0.01,,,,,Cevipof Ipsos Sopra Steria
BVA,2017-03-30,1418,0.24,0.31,,,0.115,,,0.25,0.005,,0.19,,0.005,0.005,0.15,,0.24,0.01,0.03,,,0.005,,,,,BVA
Odoxa,2017-03-30,969,,,,,0.08,,,0.26,0.005,,0.17,,0,0.01,0.16,,0.25,0,0.05,,,0.015,,,,,Odoxa
Opinion Way,2017-03-30,1500,,0.39,,,0.11,,,0.24,0.01,,0.19,,0,0.01,0.15,,0.24,0,0.04,,,0.01,,,,,OpinionWay
Elabe,2017-03-29,1040,0.41,0.33,,,0.1,,,0.255,0.005,,0.18,,0.005,0.01,0.15,,0.24,0.005,0.045,,,0.005,,,,,Elabe
Ifop,2017-03-29,2241,0.37,0.33,,,0.1,,,0.26,0.005,,0.175,,0,0.01,0.14,,0.255,0.005,0.045,,,0.005,,,,,Ifop-Fiducial
Ipsos,2017-03-27,1005,0.35,0.41,,,0.12,,,0.24,0.005,,0.18,,0.005,0.01,0.14,,0.25,0.01,0.035,,,0.01,,,,,Ipsos
Scan Research / Le Terrain,2017-03-27,586,,,,,0.09,,,0.245,0.002,,0.155,,0.002,0.003,0.195,,0.24,0.008,0.04,,,0.02,,,,,Scan Research - Le Terrain
BVA,2017-03-24,1431,0.24,0.4,,,0.115,,,0.26,0.005,,0.17,,0.005,0.01,0.14,,0.25,0.005,0.04,,,0.005,,,,,BVA
Ifop,2017-03-24,2225,0.37,0.35,,,0.105,,,0.26,0.005,,0.18,,0,0.01,0.13,,0.25,0.005,0.05,,,0.005,,,,,Ifop-Fiducial
Opinion Way,2017-03-23,1500,,0.42,,,0.11,,,0.24,0,,0.19,,0,0.01,0.14,,0.25,0.01,0.04,,,0.01,,,,,OpinionWay
Harris Interactive,2017-03-22,6955,,,,,0.125,,,0.26,0.005,,0.18,,0.005,0.01,0.135,,0.25,0.005,0.04,,,0.005,,,,,Harris Interactive
Elabe,2017-03-21,997,0.38,0.33,,,0.115,,,0.26,0.005,,0.17,,0.005,0.01,0.135,,0.245,0.005,0.05,,,0.005,,,,,Elabe
Ifop,2017-03-21,1695,0.37,0.38,,,0.115,,,0.255,0.005,,0.175,,0,0.01,0.115,,0.26,0.01,0.05,,,0.005,,,,,Ifop-Fiducial
Elabe,2017-03-19,3010,0.41,0.32,,,0.135,,,0.255,0.005,,0.175,,0.005,0.01,0.13,,0.25,0.005,0.03,,,0.005,,,,–,Elabe
Kantar,2017-03-17,1508,,,,,0.12,,,0.26,0.01,,0.17,,0.005,0.005,0.12,,0.26,0.015,0.03,,,0.01,,,,–,Kantar Sofres-OnePoint
BVA,2017-03-17,1501,0.344,,,,0.125,,,0.25,0.01,,0.195,,,,0.12,,0.26,0.01,0.03,,,0.005,,,,–,BVA
Odoxa,2017-03-16,964,,,,,0.125,,,0.265,0.005,,0.19,,0,0,0.105,,0.26,0.01,0.03,,,0.01,,,,–,Odoxa
Opinion Way,2017-03-16,1500,,0.42,,,0.12,,,0.25,,,0.2,,,,0.11,,0.28,0.01,0.03,,,0,,,,–,OpinionWay
Ipsos,2017-03-15,11990,0.34,0.41,,,0.125,,,0.26,0.005,,0.175,,0.005,,0.115,,0.27,0.01,0.035,,,0.005,,,,–,Cevipof Ipsos-Sopra Steria
Ifop,2017-03-15,1399,0.365,0.39,,,0.135,,,0.255,0.005,,0.185,,0.005,,0.115,,0.265,0.005,0.035,,,0.005,,,,–,Ifop-Fiducial
BVA,2017-03-10,1419,0.26,0.41,,,0.135,,,0.26,,,0.2,,,,0.115,,0.26,0.005,0.02,,,0.005,,,,–,BVA
Ifop,2017-03-10,1379,0.365,0.37,,,0.135,,,0.255,,,0.195,,0.005,,0.12,,0.26,0.005,0.025,,,0.005,,,,–,Ifop-Fiducial
Opinion Way,2017-03-09,1500,,,,,0.14,,,0.26,,,0.2,,,,0.11,,0.26,0.01,0.02,,,0,,,,–,OpinionWay
Harris Interactive,2017-03-08,4533,,,,,0.13,,,0.26,,,0.2,,,,0.12,,0.25,0.01,0.03,,,0.005,,,,–,Harris Interactive
Ifop,2017-03-07,1390,0.36,0.37,,,0.14,,,0.25,,,0.19,,0.005,,0.115,,0.26,0.005,0.035,,,0.005,,,,–,Ifop-Fiducial
Elabe,2017-03-06,1052,0.41,0.39,,,0.135,,,0.255,,,0.19,,,,0.12,,0.26,0.005,0.03,,,0.005,,,,–,Elabe
Ipsos,2017-03-05,15887,0.32,0.47,,,0.14,,,0.25,,,0.175,,0.005,,0.115,,0.27,0.01,0.03,,,0.01,,,,–,Cevipof Ipsos-Sopra Steria
Ifop,2017-03-04,1822,0.35,0.38,,,0.14,,,0.255,,,0.185,,,,0.12,,0.265,0.005,0.025,,,0.005,,,,–,Ifop-Fiducial
Ifop,2017-03-04,1822,,,,,0.13,,,0.23,,,,,,,0.115,,0.285,0.005,0.03,,,0.005,,,,Juppé : 20 %,Ifop-Fiducial
Kantar,2017-03-04,1027,,,,,0.16,,,0.25,,,0.17,,0.005,,0.12,,0.26,0.01,0.02,,,0.01,,,,–,Kantar Sofres-OnePoint
Kantar,2017-03-04,1027,,,,,0.13,,,0.2,,,,,0.005,,0.11,,0.27,0.01,0.025,,,0.01,,,,"Juppé : *24,5 %*",Kantar Sofres-OnePoint
Ifop,2017-03-04,1392,,,,,0.14,,,0.23,0.005,,0.2,,0.005,0.01,0.105,,0.25,0.01,0.025,,,0.005,,,,"Alliot-Marie : 1 %

Yade : 1 %
Marchandise : 0,5 %
Guaino : <0,5 %
Larrouturou : <0,5 %",Ifop-Fiducial
Opinion Way,2017-03-03,1500,,,,,0.15,,,0.24,,,0.19,,,,0.11,,0.27,0,0.03,,,0.01,,,,–,OpinionWay
Odoxa,2017-03-02,943,,0.19,,,0.14,,,0.27,,,0.19,,,,0.1,,0.255,0.005,0.03,,,0.01,,,,–,Odoxa
Odoxa,2017-03-02,943,0.19,,,,0.11,,,0.25,,,,,,,0.08,,0.24,0.005,0.04,,,0.01,,,,"Juppé : *26,5 %*",Odoxa
BVA,2017-03-02,1413,0.28,0.46,,,0.155,,,0.24,,,0.19,,,,0.115,,0.26,0.005,0.025,,,0.01,,,,–,BVA
Elabe,2017-03-02,1591,,,,,0.125,,,0.24,,,0.19,,,,0.125,,0.27,0.01,0.03,,,0.01,,,,–,Elabe
Ifop,2017-03-02,1394,0.37,0.39,,,0.145,,,0.24,,,0.21,,0.005,,0.11,,0.26,0.005,0.025,,,0.005,,,,–,Ifop-Fiducial
Ifop,2017-02-27,1404,0.395,0.42,,,0.135,,,0.245,,,0.2,,0.005,,0.115,,0.26,0.01,0.025,,,0.005,,,,,Ifop-Fiducial
Kantar,2017-02-24,1005,,0.42,,,0.14,,,0.25,,,0.2,,,,0.1,,0.27,0.01,0.025,,,0.005,,,,,Kantar Sofres
Odoxa,2017-02-23,920,,,,,0.13,,,0.25,,,0.19,,,,0.12,,0.27,0,0.02,,,0.01,,,0.01,,Odoxa
Opinion Way,2017-02-24,1500,,,,,0.13,,,0.23,,,0.21,,,,0.11,,0.26,0,0.03,,,0,,,0.02,,OpinionWay
Harris Interactive,2017-02-22,5249,,,,,0.14,,,0.2,,,0.21,,,,0.13,,0.25,0.01,0.03,,,0.01,,,0.02,,Harris Interactive
Ifop,2017-02-22,1399,0.385,0.41,,,0.14,,,0.19,,0.055,0.19,,0.005,,0.11,,0.265,0.005,0.02,,,0.01,,,0.015,,Ifop-Fiducial
BVA,2017-02-20,628,0.27,0.47,,,0.17,,,0.21,,,0.19,,,,0.105,,0.275,0.005,0.02,,,0.005,,,0.02,,BVA
Elabe,2017-02-20,1051,0.43,,,,0.12,,,0.17,,0.06,0.2,,,,0.12,,0.27,0.01,0.03,,,0.01,,,0.01,,Elabe
Elabe,2017-02-20,1051,,,,,0.13,,,0.185,,,0.21,,,,0.13,,0.28,0.01,0.035,,,0.01,,,0.01,,Elabe
Ifop,2017-02-20,1838,,,,,0.155,,,0.22,,,0.2,,0,,0.12,,0.255,0.005,0.02,,,0.005,,,0.02,,Ifop-Fiducial
Ifop,2017-02-17,1399,0.385,0.41,,,0.14,,,0.185,,0.055,0.185,,0,,0.115,,0.26,0.005,0.03,,,0.005,,,0.02,,Ifop-Fiducial
Opinion Way,2017-02-17,1500,,,,,0.16,,,0.2,,,0.2,,,,0.13,,0.26,0,0.03,,,0,,,0.02,,OpinionWay
Dedicated Research,2017-02-14,2066,0.237,,,,0.164,,,0.213,,0.049,0.167,,,,0.127,,0.221,0.014,0.019,,,0.006,,,0.021,,Dedicated Research
Dedicated Research,2017-02-14,2066,0.249,,,,0.17,,,0.23,,,0.178,,,,0.131,,0.226,0.014,0.022,,,0.007,,,0.023,,Dedicated Research
Ifop,2017-02-14,1402,0.37,0.4,,,0.145,,,0.195,,0.05,0.185,,0,,0.115,,0.255,0.005,0.03,,,0.005,,,0.015,,Ifop-Fiducial
Ipsos,2017-02-12,15874,,,,,0.145,,,0.23,,,0.185,,0,,0.12,,0.26,0.005,0.03,,,0.005,,,0.02,,Cevipof Ipsos-Sopra Steria
Ipsos,2017-02-12,15874,,,,,0.14,,,0.2,,0.06,0.175,,0,,0.115,,0.25,0.005,0.03,,,0.005,,,0.02,,Cevipof Ipsos-Sopra Steria
Ifop,2017-02-09,1407,0.38,0.39,,,0.15,,,0.21,,0.055,0.175,,0,,0.105,,0.26,0.005,0.025,,,0,,,0.015,,Ifop-Fiducial
Opinion Way,2017-02-09,1500,,,,,0.16,,,0.21,,,0.2,,,,0.13,,0.25,0,0.03,,,0.01,,,0.01,,OpinionWay
Harris Interactive,2017-02-08,5432,,,,,0.14,,,0.21,,0.05,0.19,,,,0.12,,0.24,0.005,0.02,,,0.01,,,0.02,,Harris Interactive
Elabe,2017-02-08,961,0.36,0.39,,,0.15,,,0.22,,0.05,0.17,,,,0.12,,0.255,0.005,0.015,,,0.005,,,0.01,,Elabe
Elabe,2017-02-08,961,,0.38,,,0.155,,,0.235,,,0.18,,,,0.13,,0.26,0.005,0.02,,,0.005,,,0.01,,Elabe
Ifop,2017-02-06,1433,0.39,0.43,,,0.155,,,0.205,,0.05,0.185,,0,,0.1,,0.255,0.005,0.025,,,0.01,,,0.01,,Ifop-Fiducial
BVA,2017-02-02,646,,0.4,,,0.16,,,0.21,,0.05,0.18,,,,0.11,,0.25,0.005,0.02,,,0.005,,,0.01,,BVA
BVA,2017-02-02,646,,,,,0.17,,,0.22,,,0.2,,,,0.115,,0.25,0.005,0.02,,,0.005,,,0.015,,BVA
Ifop,2017-02-01,1409,0.37,0.44,,,0.18,,,0.2,,0.045,0.21,,0.005,,0.09,,0.24,0.005,0.02,,,0.005,,,0.01,,Ifop-Fiducial
Elabe,2017-01-31,650,,0.37,,,0.16,,,0.22,,0.04,0.19,,,,0.1,,0.26,0.005,0.01,,,0.005,,,0.01,,Elabe
Elabe,2017-01-31,650,,,,,0.17,,,0.23,,,0.2,,,,0.1,,0.27,0.005,0.01,,,0.005,,,0.01,,Elabe
Kantar,2017-01-27,702,,,,,0.13,,,0.2,,0.05,0.21,,0.005,,0.1,,0.25,0.005,0.03,,,0.005,,,0.02,,Kantar Sofres - OnePoint
Kantar,2017-01-27,702,,,,,0.15,,,0.21,,,0.22,,0.005,,0.1,,0.25,0.005,0.035,,,0.005,,,0.02,,Kantar Sofres - OnePoint
Ipsos,2017-01-20,992,,,,,0.08,,,0.2,,,0.26,,0.005,,0.13,,0.27,0.01,0.02,,,0.01,,,0.02,,Ipsos
Ipsos,2017-01-20,992,,,,,,,,0.18,,,0.25,,0.005,,0.15,0.09,0.27,0.01,0.02,,,0.01,,,0.02,,Ipsos
Ipsos,2017-01-20,992,,,,0.07,,,,0.2,,,0.26,,0.005,,0.14,,0.27,0.01,0.02,,,0.01,,,0.02,,Ipsos
Ipsos,2017-01-15,15921,,,,,,,,0.17,,0.05,0.23,,0.005,,0.14,0.09,0.25,0.01,0.025,,,0.01,,,0.025,,Cevipof Ipsos-Sopra Steria
Ipsos,2017-01-15,15921,,,,,,,,0.19,,,0.24,,0.005,,0.15,0.1,0.25,0.01,0.025,,,0.01,,,0.025,,Cevipof Ipsos-Sopra Steria
Ipsos,2017-01-15,15921,,,,0.06,,,,0.19,,0.05,0.24,,0.005,,0.13,,0.26,0.01,0.025,,,0.01,,,0.025,,Cevipof Ipsos-Sopra Steria
Ipsos,2017-01-15,15921,,,,0.07,,,,0.21,,,0.25,,0.005,,0.14,,0.26,0.01,0.025,,,0.01,,,0.025,,Cevipof Ipsos-Sopra Steria
Ipsos,2017-01-15,15921,,,,,0.07,,,0.21,,,0.25,,0.005,,0.14,,0.26,0.01,0.025,,,0.01,,,0.025,,Cevipof Ipsos-Sopra Steria
BVA,2017-01-08,946,,,,,,,,0.16,,0.05,0.24,,,,0.13,0.11,0.25,0.01,0.015,,,0.01,,,0.025,,BVA
BVA,2017-01-08,946,,,,0.065,,,,0.2,,0.05,0.24,,,,0.125,,0.25,0.015,0.015,,,0.01,,,0.03,,BVA
BVA,2017-01-08,946,,,,,0.06,,,0.2,,0.06,0.24,,,,0.125,,0.26,0.01,0.015,,,0.005,,,0.025,,BVA
BVA,2017-01-08,946,,,,,,,,0.2,,0.06,0.24,,,,0.13,,0.26,0.01,0.015,,,0.01,,0.05,0.025,,BVA
Ifop,2017-01-06,1860,,,,,,,,0.17,,0.055,0.24,,0,,0.12,0.105,0.26,0.005,0.015,,,0.01,,,0.02,,Ifop-Fiducial
Ifop,2017-01-06,1860,,,,0.055,,,,0.19,,0.07,0.245,,0,,0.115,,0.265,0.01,0.02,,,0.01,,,0.02,,Ifop-Fiducial
Ifop,2017-01-06,1860,,,,,0.06,,,0.19,,0.07,0.245,,0.005,,0.115,,0.26,0.01,0.015,,,0.01,,,0.02,,Ifop-Fiducial
Ifop,2017-01-06,1860,,,,,,,,0.2,,0.07,0.25,,0,,0.13,,0.26,0.01,0.015,,,0.015,,0.025,0.025,,Ifop-Fiducial
Elabe,2017-01-04,925,,,,,,,,0.16,,0.075,0.23,,,,0.14,0.12,0.22,0.01,0.01,,,0.025,,,0.01,,Elabe
Elabe,2017-01-04,925,,,,0.07,,,,0.2,,0.07,0.24,,,,0.13,,0.23,0.01,0.02,,,0.02,,,0.01,,Elabe
Elabe,2017-01-04,925,,,,,0.06,,,0.21,,0.08,0.24,,,,0.13,,0.23,0.005,0.015,,,0.02,,,0.01,,Elabe
Elabe,2017-01-04,925,,,,,,,,0.22,,0.07,0.25,,,,0.14,,0.24,0.005,0.015,,,0.02,,0.03,0.01,,Elabe
Elabe,2017-01-04,925,,,,,,,,0.18,,,0.26,,,,0.14,0.13,0.23,0.01,0.015,,,0.02,,,0.015,,Elabe
Elabe,2017-01-04,925,,,,0.09,,,,0.24,,,0.26,,,,0.14,,0.22,0.005,0.01,,,0.02,,,0.015,,Elabe
Elabe,2017-01-04,925,,,,,0.06,,,0.23,,,0.26,,,,0.145,,0.24,0.015,0.02,,,0.015,,,0.015,,Elabe
Elabe,2017-01-04,925,,,,,,,,0.24,,,0.28,,,,0.15,,0.24,0.01,0.015,,,0.02,,0.03,0.015,,Elabe
Ipsos,2016-12-07,18013,,,,,,,,0.13,,0.06,0.26,,0.005,,0.13,0.11,0.24,0.01,0.025,,,0.01,0.005,,0.025,,Cevipof Ipsos-Sopra Steria
Ipsos,2016-12-07,18013,,,,,,,,0.15,,,0.27,,,,0.14,0.12,0.25,0.01,0.025,,,0.01,,,0.025,,Cevipof Ipsos-Sopra Steria
Ipsos,2016-12-07,18013,,,,0.06,,,,0.16,,0.07,0.27,,,,0.13,,0.24,0.01,0.025,,,0.01,,,0.025,,Cevipof Ipsos-Sopra Steria
Ipsos,2016-12-07,18013,,,,0.07,,,,0.18,,,0.29,,,,0.14,,0.25,0.01,0.025,,,0.01,,,0.025,,Cevipof Ipsos-Sopra Steria
BVA,2016-12-04,934,,,,,,,,0.14,,0.06,0.24,,,,0.14,0.13,0.24,0.005,0.015,,,0.005,0.005,,0.02,,BVA
BVA,2016-12-04,934,,,,0.065,,,,0.19,,0.08,0.23,,,,0.13,,0.24,0.01,0.02,,,0.01,0.005,,0.02,,BVA
BVA,2016-12-04,934,,,,,,,,,,,0.29,,,,0.17,0.21,0.26,0.005,0.025,,,0.01,0.005,,0.025,,BVA
Ifop,2016-12-03,1401,,,,,,,,0.135,,0.07,0.275,,,,0.125,0.1,0.24,0.005,0.02,,,0.01,0,,0.02,,Ifop-Fiducial
Ifop,2016-12-03,1401,,,,0.06,,,,0.16,,0.08,0.28,,0,,0.125,,0.24,0.005,0.02,,,0.01,0.005,,0.015,,Ifop-Fiducial
Ifop,2016-12-03,1401,,,,,0.04,,,0.16,,0.09,0.28,,0,,0.135,,0.24,0.01,0.02,,,0.01,0,,0.015,,Ifop-Fiducial
Ifop,2016-11-30,1882,,,,,,,,0.15,,0.055,0.28,,,,0.11,0.1,0.24,0.01,0.02,,,0.01,0.005,,0.02,,Ifop-Fiducial
Ifop,2016-11-30,1882,,,,0.06,,,,0.17,,0.06,0.29,,0,,0.115,,0.24,0.005,0.025,,,0.01,0.01,,0.015,,Ifop-Fiducial
Elabe,2016-11-29,1000,,,,,,,,0.16,,0.06,0.3,0.07,,,0.12,,0.24,0.005,0.02,,,0.01,,,0.015,,Elabe
Elabe,2016-11-29,1000,,,,,,,,0.14,,0.05,0.31,,,,0.12,0.09,0.24,0.005,0.02,,,0.01,,,0.015,,Elabe
Elabe,2016-11-29,1000,,,,0.05,,,,0.17,,0.05,0.31,,,,0.12,,0.25,0.005,0.02,,,0.01,,,0.015,,Elabe
Kantar,2016-11-28,1011,,,,,,,,0.15,,0.06,0.29,0.075,0.005,,0.12,,0.23,0.005,0.025,,,0.01,0.01,,0.02,,Kantar Sofres - OnePoint
Kantar,2016-11-28,1011,,,,,,,,0.17,,,0.3,0.085,0.005,,0.13,,0.24,0.005,0.025,,,0.01,0.01,,0.02,,Kantar Sofres - OnePoint
Kantar,2016-11-28,1011,,,,,,,,,,,0.34,0.14,0.005,,0.15,,0.26,0.02,0.03,,,0.015,0.01,,0.03,,Kantar Sofres - OnePoint
Kantar,2016-11-28,1011,,,,,,,,0.13,,0.06,0.28,,0.005,,0.12,0.095,0.24,0.015,0.02,,,0.01,0.005,,0.02,,Kantar Sofres - OnePoint
Kantar,2016-11-28,1011,,,,,,,,0.15,,,0.29,,0.005,,0.115,0.11,0.25,0.015,0.025,,,0.01,0.005,,0.025,,Kantar Sofres - OnePoint
Kantar,2016-11-28,1011,,,,0.06,,,,0.16,,0.06,0.29,,0.005,,0.12,,0.24,0.01,0.02,,,0.01,0.01,,0.015,,Kantar Sofres - OnePoint
Kantar,2016-11-28,1011,,,,0.07,,,,0.175,,,0.31,,0.005,,0.125,,0.24,0.01,0.025,,,0.01,0.01,,0.02,,Kantar Sofres - OnePoint
Harris Interactive,2016-11-27,6093,,,,,,,,0.14,,0.06,0.26,0.09,,,0.13,,0.24,0.01,0.03,,,0.01,,,0.03,,Harris
Harris Interactive,2016-11-27,6093,,,,,,,,0.13,,0.07,0.26,,,,0.15,0.09,0.24,0.01,0.02,,,0.01,,,0.02,,Harris
Odoxa,2016-11-25,844,,,,,,,,0.13,,0.06,0.32,0.08,,,0.12,,0.22,0.02,0.02,,,0.01,,,0.02,,Odoxa
Ifop,2016-11-17,979,,,0.26,,,,,0.14,,,,0.09,,,0.13,,0.3,0.005,0.03,,,0.015,,,0.025,,Ifop-Fiducial
Ifop,2016-11-17,979,,,,,,,,0.16,,0.085,,0.09,,,0.13,,0.28,0.01,0.03,,0.175,0.015,,,0.025,,Ifop-Fiducial
Ifop,2016-11-17,979,,,,,,,,0.15,,0.055,0.2,0.1,,,0.13,,0.29,0.01,0.02,,,0.015,,,0.03,,Ifop-Fiducial
Ipsos,2016-11-13,18200,,,,,,,,0.12,,,,0.12,,,0.14,,0.29,0.015,0.04,,0.22,0.015,,,0.04,,Cevipof Ipsos-Sopra Steria
Ipsos,2016-11-13,18200,,,0.36,,,,,,,,,0.1,,,0.14,,0.29,0.015,0.04,,,0.015,,,0.04,,Cevipof Ipsos-Sopra Steria
Ipsos,2016-11-13,18200,,,,,,,,,,0.11,,,,,0.14,0.14,0.29,0.015,0.04,,0.21,0.015,,,0.04,,Cevipof Ipsos-Sopra Steria
Ipsos,2016-11-13,18200,,,0.34,,,,,,,,,,,,0.14,0.12,0.29,0.015,0.04,,,0.015,,,0.04,,Cevipof Ipsos-Sopra Steria
Ipsos,2016-11-13,18200,,,0.31,,,,,0.1,,,,0.09,,,0.13,,0.27,0.015,0.04,,,0.015,,,0.03,,Cevipof Ipsos-Sopra Steria
Kantar,2016-10-23,1005,,,0.28,,,,,0.14,,,,0.09,,,0.13,,0.28,0.005,0.04,,,0.02,,,0.015,,Kantar Sofres - OnePoint
Kantar,2016-10-23,1005,,,,,,,,0.15,,0.08,,0.1,,,0.135,,0.26,0.005,0.04,,0.2,0.015,,,0.015,,Kantar Sofres - OnePoint
Kantar,2016-10-23,1005,,,0.34,,,,,,,,,0.12,0.005,,0.145,,0.29,0.01,0.05,,,0.02,,,0.02,,Kantar Sofres - OnePoint
Kantar,2016-10-23,1005,,,,,,,,,,0.115,,0.13,0.005,,0.155,,0.28,0.015,0.045,,0.22,0.015,,,0.02,,Kantar Sofres - OnePoint
Kantar,2016-10-23,1005,,,0.28,,,,,0.14,,,,,0.005,,0.13,0.09,0.28,0.015,0.03,,,0.015,,,0.015,,Kantar Sofres - OnePoint
Kantar,2016-10-23,1005,,,,,,,,0.18,,,,,,,0.14,0.11,0.27,0.01,0.04,,0.21,0.02,,,0.02,,Kantar Sofres - OnePoint
Kantar,2016-10-23,1005,,,0.33,,,,,,,,,,0.005,,0.15,0.13,0.29,0.015,0.04,,,0.02,,,0.02,,Kantar Sofres - OnePoint
BVA,2016-10-19,916,,,0.37,,,,0.025,,,,,0.11,,,0.125,,0.29,0.01,0.05,,,0.02,,,,,BVA
BVA,2016-10-19,916,,,,,,,0.03,,,0.14,,0.13,,,0.14,,0.275,0.01,0.04,,0.22,0.015,,,,,BVA
BVA,2016-10-19,916,,,0.33,,,,0.02,0.11,,,,0.09,,,0.12,,0.26,0.01,0.04,,,0.02,,,,,BVA
BVA,2016-10-19,916,,,,,,,0.025,0.14,,0.1,,0.095,,,0.12,,0.25,0.01,0.04,,0.2,0.02,,,,,BVA
BVA,2016-10-19,916,,,0.39,0.09,,,0.02,,,,,,,,0.13,,0.29,0.01,0.05,,,0.02,,,,,BVA
BVA,2016-10-19,916,,,,0.1,,,0.03,,,0.15,,,,,0.15,,0.28,0.01,0.05,,0.22,0.01,,,,,BVA
Elabe,2016-09-21,922,,,,,,,,,,,,,,,,,,,,,,,,,,,Elabe
Elabe,2016-09-21,922,,,0.34,,,,0.03,,,,,0.15,,,0.15,,0.28,0.01,0.03,,,0.01,,,,,Elabe
Elabe,2016-09-21,922,,,,,,,0.03,,,0.12,,0.16,,,0.14,,0.27,0.01,0.03,,0.23,0.01,,,,,Elabe
Elabe,2016-09-21,922,,,0.26,,,,0.03,0.14,,,,0.12,,,0.13,,0.27,0.01,0.03,,,0.01,,,,,Elabe
Elabe,2016-09-21,922,,,,,,,0.025,0.15,,0.08,,0.125,,,0.15,,0.25,0.005,0.03,,0.18,0.005,,,,,Elabe
Elabe,2016-09-21,922,,,0.28,,,,0.025,0.14,,,,,,,0.14,0.09,0.27,0.01,0.035,,,0.01,,,,,Elabe
Elabe,2016-09-21,922,,,,,,,0.02,0.15,,0.1,,,,,0.15,0.09,0.26,0.01,0.03,,0.18,0.01,,,,,Elabe
Elabe,2016-09-21,922,,,0.295,0.07,,,0.02,0.16,,,,,,,0.14,,0.27,0.01,0.02,,,0.015,,,,,Elabe
Elabe,2016-09-21,922,,,,0.07,,,0.02,0.18,,0.09,,,,,0.14,,0.265,0.005,0.03,,0.19,0.01,,,,,Elabe
Ipsos,2016-09-18,18659,,,,,,,0.03,,,0.12,,0.13,0,,0.13,,0.29,0.015,0.05,,0.22,0.015,,,,,Cevipof Ipsos-Sopra Steria
Ipsos,2016-09-18,18659,,,0.34,,,,0.03,,,,,0.125,0,,0.125,,0.3,0.015,0.05,,,0.015,,,,,Cevipof Ipsos-Sopra Steria
Ipsos,2016-09-18,18659,,,,,,,0.025,0.14,,0.09,,0.1,0,,0.115,,0.27,0.015,0.05,,0.18,0.015,,,,,Cevipof Ipsos-Sopra Steria
Ipsos,2016-09-18,18659,,,0.28,,,,0.025,0.12,,,,0.1,0,,0.115,,0.28,0.015,0.05,,,0.015,,,,,Cevipof Ipsos-Sopra Steria
BVA,2016-09-11,912,,,0.36,,,,0.03,,,,,0.11,,,0.12,,0.3,0.01,0.06,,,0.01,,,,,BVA
BVA,2016-09-11,912,,,,,,,0.035,,,0.13,,0.13,,,0.125,,0.295,0.005,0.05,,0.22,0.01,,,,,BVA
BVA,2016-09-11,912,,,,,,0.16,0.035,,,0.125,,0.14,,,0.13,,0.32,0.01,0.07,,,0.01,,,,,BVA
BVA,2016-09-11,912,,,,,,,0.03,,,0.12,0.185,0.13,,,0.13,,0.33,0.01,0.055,,,0.01,,,,,BVA
BVA,2016-09-11,912,,,0.26,,,,0.03,0.165,,,,0.09,,,0.1,,0.28,0.01,0.06,,,0.005,,,,,BVA
BVA,2016-09-11,912,,,,,,,0.03,0.185,,0.07,,0.09,,,0.11,,0.255,0.01,0.05,,0.19,0.01,,,,,BVA
BVA,2016-09-11,912,,,0.38,0.09,,,0.02,,,,,,,,0.12,,0.3,0.005,0.07,,,0.015,,,,,BVA
BVA,2016-09-11,912,,,,0.09,,,0.025,,,0.14,,,,,0.135,,0.29,0.01,0.065,,0.24,0.005,,,,,BVA
Ifop,2016-09-07,1903,,,0.33,,,,0.03,,,,,0.14,0,,0.135,,0.29,0.01,0.05,,,0.015,,,,,Ifop
Ifop,2016-09-07,1903,,,,,,,0.03,,,0.13,,0.145,0,,0.14,,0.26,0.01,0.05,,0.22,0.015,,,,,Ifop
Ifop,2016-09-07,1903,,,,,,0.17,0.03,,,0.12,,0.155,0.005,,0.145,,0.3,0.01,0.05,,,0.015,,,,,Ifop
Ifop,2016-09-07,1903,,,0.26,0.035,,,0.025,0.14,,,,0.1,0.005,,0.11,,0.26,0.01,0.04,,,0.015,,,,,Ifop
Ifop,2016-09-07,1903,,,,0.04,,,0.025,0.15,,0.09,,0.1,0,,0.11,,0.24,0.01,0.04,,0.18,0.015,,,,,Ifop
Ifop,2016-09-07,1903,,,0.27,,,,0.025,0.15,,,,0.1,0.005,,0.125,,0.26,0.01,0.04,,,0.015,,,,,Ifop
Ifop,2016-09-07,1903,,,0.27,0.05,,,0.03,0.14,,,,,0.005,,0.115,0.07,0.26,0.01,0.04,,,0.01,,,,,Ifop
Ifop,2016-09-07,1903,,,0.27,,,,0.03,0.16,,,,,0.005,,0.135,0.08,0.26,0.01,0.04,,,0.01,,,,,Ifop
Kantar,2016-09-05,1006,,,,,,,0.02,0.16,,0.09,,0.11,0.005,,0.11,,0.26,0.01,0.03,,0.2,0.01,,,,,TNS Sofres
Kantar,2016-09-05,1006,,,,,,,0.03,0.18,,,,0.12,0.005,,0.12,,0.27,0.01,0.04,,0.22,0.01,,,,,TNS Sofres
Kantar,2016-09-05,1006,,,0.25,,,,0.03,0.15,,,,0.11,0.005,,0.115,,0.285,0.01,0.035,,,0.015,,,,,TNS Sofres
Kantar,2016-09-05,1006,,,,,,,0.02,,,0.13,,0.13,0.005,,0.12,,0.27,0.01,0.05,,0.25,0.02,,,,,TNS Sofres
Kantar,2016-09-05,1006,,,,,,,0.045,,,,,0.15,0.005,,0.13,,0.29,0.015,0.07,,0.27,0.025,,,,,TNS Sofres
Kantar,2016-09-05,1006,,,0.33,,,,0.03,,,,,0.14,0.005,,0.12,,0.29,0.015,0.06,,,0.015,,,,,TNS Sofres
Kantar,2016-09-05,1006,,,,0.05,,,0.03,0.18,,0.08,,,0.005,,0.1,,0.27,0.015,0.04,,0.22,0.01,,,,,TNS Sofres
Kantar,2016-09-05,1006,,,,0.07,,,0.04,0.2,,,,,0.01,,0.11,,0.27,0.02,0.04,,0.22,0.02,,,,,TNS Sofres
Kantar,2016-09-05,1006,,,0.27,0.06,,,0.035,0.16,,,,,0.005,,0.11,,0.275,0.015,0.05,,,0.02,,,,,TNS Sofres
BVA,2016-07-10,936,,,0.36,,,,0.02,,,,,0.135,,,0.135,,0.28,0.01,0.045,,,0.015,,,,,BVA
BVA,2016-07-10,936,,,,,,,0.02,,,0.13,,0.13,,,0.13,,0.29,0.01,0.05,,0.23,0.01,,,,,BVA
Elabe,2016-06-21,926,,,,,,,,,,,,,,,,,,,,,,,,,,,Elabe
Elabe,2016-06-21,926,,,0.39,,,,0.03,,,,,0.14,,,0.11,,0.26,0.01,0.05,,,0.01,,,,–,Elabe
Elabe,2016-06-21,926,,,,,,,0.035,,,0.115,,0.15,,,0.12,,0.27,0.005,0.045,,0.25,0.01,,,,–,Elabe
Elabe,2016-06-21,926,,,,,,,,,,0.1,,0.14,,,0.1,,0.26,0.005,0.035,0.1,0.25,0.01,,,,–,Elabe
Elabe,2016-06-21,926,,,0.37,,,,,,,,,0.12,,,0.1,,0.26,0.01,0.04,0.09,,0.01,,,,–,Elabe
Elabe,2016-06-21,926,,,,,,,0.03,,,0.1,0.24,0.15,,,0.12,,0.29,0.01,0.05,,,0.01,,,,–,Elabe
Elabe,2016-06-21,926,,,,,,,,,,0.095,0.23,0.13,,,0.11,,0.27,0.01,0.045,0.1,,0.01,,,,–,Elabe
Elabe,2016-06-21,926,,,,,,0.22,0.035,,,0.12,,0.15,,,0.11,,0.3,0.005,0.05,,,0.01,,,,–,Elabe
Elabe,2016-06-21,926,,,,,,0.21,,,,0.1,,0.135,,,0.1,,0.28,0.01,0.04,0.1,,0.015,,,,–,Elabe
Ifop,2016-06-17,1858,,,,,,,,,,,,,,,,,,,,,,,,,,,Ifop
Ifop,2016-06-17,1858,,,0.35,,,,0.025,,,,,0.14,,,0.125,,0.29,0.005,0.045,,,0.015,,,,–,Ifop
Ifop,2016-06-17,1858,,,,,,,0.02,,,0.125,,0.15,,,0.13,,0.28,0.01,0.045,,0.22,0.015,,,,–,Ifop
Ifop,2016-06-17,1858,,,,,,,0.025,,,0.12,0.18,0.15,,,0.145,,0.3,0.005,0.055,,,0.015,,,,–,Ifop
Ifop,2016-06-17,1858,,,,,,0.17,0.025,,,0.125,,0.16,,,0.14,,0.305,0.005,0.055,,,0.01,,,,–,Ifop
Ifop,2016-06-17,1858,,,0.34,0.045,,,0.02,,,,,0.14,,,0.115,,0.28,0.005,0.045,,,0.01,,,,–,Ifop
Ifop,2016-06-17,1858,,,0.34,,,,,,,,,0.13,,,0.125,,0.28,0.01,0.045,0.055,,0.01,,,,–,Ifop
Ifop,2016-06-17,1858,,,0.33,0.05,,,0.02,0.12,,,,,,,0.12,,0.285,0.01,0.045,,,0.01,,,,–,Ifop
Ifop,2016-06-17,1858,,,,0.045,,,0.01,,,0.11,,0.145,0,,0.12,,0.275,0.005,0.045,,0.21,0.01,,,,"Yade : 1 %
Guaino : 1 %

Asselineau : 0,5 %
Lassalle : 0,5 %",Ifop
Ifop,2016-06-17,1858,,,0.36,,,,,,,,,0.15,,,0.14,,0.28,0.01,0.05,,,,,,,–,Ifop
BVA,2016-06-12,910,,,0.36,,,,0.02,,,,,0.14,,,0.14,,0.26,0.015,0.05,,,0.015,,,,–,BVA
BVA,2016-06-12,910,,,,,,,0.03,,,0.13,,0.13,,,0.14,,0.28,0.02,0.05,,0.21,0.01,,,,–,BVA
BVA,2016-06-12,910,,,,,,,0.02,,,0.12,0.19,0.14,,,0.15,,0.29,0.015,0.06,,,0.015,,,,–,BVA
BVA,2016-06-12,910,,,,,,0.19,0.02,,,0.12,,0.15,,,0.15,,0.29,0.02,0.05,,,0.01,,,,–,BVA
Ipsos,2016-05-22,19455,,,,,,,0.03,,,0.13,,0.14,,,0.12,,0.28,0.015,0.06,,0.21,0.015,,,,,Cevipof Ipsos-Sopra Steria
Ipsos,2016-05-22,19455,,,0.35,,,,0.03,,,,,0.14,,,0.12,,0.28,0.015,0.05,,,0.015,,,,,Cevipof Ipsos-Sopra Steria
BVA,2016-05-16,927,,,0.38,,,,0.04,,,,,0.135,,,0.12,,0.25,0.005,0.055,,,0.015,,,,,BVA
BVA,2016-05-16,927,,,,,,,0.035,,,0.135,,0.15,,,0.12,,0.27,0.005,0.05,,0.22,0.015,,,,,BVA
BVA,2016-05-16,927,,,,,,,0.035,,,0.14,0.21,0.15,,,0.13,,0.27,0.005,0.045,,,0.015,,,,,BVA
BVA,2016-05-16,927,,,,,,0.17,0.035,,,0.16,,0.16,,,0.13,,0.27,0.005,0.05,,,0.02,,,,,BVA